url,authors,downloads,unique_downloads,views,unique_views,version_downloads,version_unique_downloads,version_unique_views,version_views
https://zenodo.org/record/4071471,"""Biernacka, Katarzyna and Bierwirth, Maik and Buchholz, Petra and Dolzycka, Dominika and Helbig, Kerstin and Neumann, Janna and Odebrecht, Carolin and Wiljes, Cord and Wuttke, Ulrike""",10251,7659,10931,9968,6599,5174,6895,7568
https://zenodo.org/record/3490058,"""Biernacka, Katarzyna and Cortez, Katrin and Helbig, Kerstin""",210,197,412,367,208,195,362,407
https://zenodo.org/record/6602101,"""Della Chiesa, Stefano""",2449,1895,1479,1269,707,578,367,422
https://zenodo.org/records/8323588,"""Schmidt, Christian and Bortolomeazzi, Michele and Boissonnet, Tom and Fortmann-Grote, Carsten and Dohle, Julia and Zentis, Peter and Kandpal, Niraj and Kunis, Susanne and Zobel, Thomas and Weidtkamp-Peters, Stefanie and Ferrando-May, Elisa""",13655,12701,5091,4809,13655,12701,4809,5091
https://zenodo.org/records/2643411,"""Stephen Royle""",138,134,1081,1032,138,134,1030,1079
https://zenodo.org/records/4330625,"""Kreshuk, Anna and Kutra, Dominik""",143,137,257,236,143,137,236,257
https://zenodo.org/records/4334697,"""Floden, Evan and Di Tommaso, Paolo""",192,189,234,221,192,189,221,234
https://zenodo.org/records/4328911,"""Bankhead, Peter""",297,278,201,188,296,277,188,201
https://zenodo.org/records/4317149,"""Jordan, Kari and Kamvar, Zhian and Hodges, Toby""",133,121,212,196,133,121,196,212
https://zenodo.org/records/10083555,"""Wetzker, Cornelia""",355,327,389,372,355,327,372,389
https://zenodo.org/records/10815329,"""Haase, Robert""",1120,1004,775,738,955,853,646,676
https://zenodo.org/records/10679054,"""Fazeli, Elnaz""",262,223,454,435,262,223,435,454
https://zenodo.org/records/10654775,"""Haase, Robert""",718,666,811,764,109,104,376,412
https://zenodo.org/records/10008465,"""Moore, Josh""",584,485,676,627,255,192,295,325
https://zenodo.org/records/10972692,"""Haase, Robert""",870,797,690,651,773,701,562,597
https://zenodo.org/records/10990107,"""Haase, Robert""",760,666,735,695,613,523,558,595
https://zenodo.org/records/10970869,"""Haase, Robert""",670,622,556,533,670,622,533,556
https://zenodo.org/records/11066250,"""Haase, Robert""",608,564,425,397,590,546,349,376
https://zenodo.org/records/11473803,"""Kemmer, Isabel and Euro-BioImaging ERIC""",999,816,1369,1296,999,816,1296,1369
https://zenodo.org/records/11474407,"""Kemmer, Isabel and Euro-BioImaging ERIC""",428,363,525,488,428,363,488,525
https://zenodo.org/records/11548617,"""Zoccoler, Marcelo and Bekemeier, Simon and Boissonnet, Tom and Parker, Simon and Bertinetti, Luca and Gentzel, Marc and Massei, Riccardo and Wetzker, Cornelia""",2509,2296,580,510,2509,2296,510,580
https://zenodo.org/records/10687658,"""Moore, Josh and Waagmeester, Andra and Hettne, Kristina and Wolstencroft, Katherine and Kunis, Susanne""",485,422,581,546,485,422,546,581
https://zenodo.org/records/8349562,"""Stöter, Torsten and Gottschall, Tobias and Schrader, Andrea and Zentis, Peter and Valencia-Schneider, Monica and Kandpal, Niraj and Zuschratter, Werner and Schauss, Astrid and Dickscheid, Timo and Mühlhaus, Timo and von Suchodoletz, Dirk""",484,407,819,763,478,401,758,814
https://zenodo.org/records/8340247,"""Moore, Joshua Allen""",321,271,1069,985,318,268,956,1040
https://zenodo.org/records/8139353,"""Weischer, Sarah and Wendt, Jens and Zobel, Thomas""",53,53,301,263,53,53,262,300
https://zenodo.org/records/10886749,"""Margineanu, Anca and Stringari, Chiara and Zoccoler, Marcelo and Wetzker, Cornelia""",986,874,512,476,986,874,476,512
https://zenodo.org/records/10793699,"""Massei, Riccardo""",165,161,487,451,165,161,451,487
https://zenodo.org/records/11265038,"""Pape, Constantin""",591,556,220,203,591,556,203,220
https://zenodo.org/records/11107798,"""Voigt, Pia and Hundt, Carolin""",144,119,291,273,144,119,273,291
https://zenodo.org/records/10942559,"""Della Chiesa, Stefano""",162,137,258,235,162,137,235,258
https://zenodo.org/records/10816895,"""Haase, Robert""",604,570,341,321,604,570,321,341
https://zenodo.org/records/4461261,"""Hesse, Elfi and Deinert, Jan-Christoph and Löschen, Christian""",418,373,729,697,415,370,695,727
https://zenodo.org/records/11472148,"""Wünsche, Stephan""",404,349,607,585,174,151,372,386
https://zenodo.org/records/11396199,"""Voigt, Pia""",368,354,293,282,368,354,282,293
https://zenodo.org/records/4748510,"""Wünsche, Stephan and Voigt, Pia""",355,323,848,795,234,216,409,425
https://zenodo.org/records/4630788,"""Voigt, Pia and Weiner, Barbara""",554,500,846,807,292,259,344,363
https://zenodo.org/records/4748534,"""Voigt, Pia and Weiner, Barbara""",534,492,883,841,212,196,334,356
https://zenodo.org/records/3778431,"""Weiner, Barbara and Wünsche, Stephan and Kühne, Stefan and Voigt, Pia and Frericks, Sebastian and Hoffmann, Clemens and Elze, Romy and Gey, Ronny""",2221,1842,2683,2325,2170,1807,2143,2472
https://zenodo.org/records/12623730,"""Haase, Robert""",14053,13196,3346,3193,7956,7377,1255,1313
https://zenodo.org/records/11201216,"""Hertweck, Kate and Strasser, Carly and Taraborelli, Dario""",6401,5616,5062,4712,6401,5616,4712,5062
https://zenodo.org/records/12744715,"""Seibold, Heidi""",2029,1740,4455,4130,2029,1740,4130,4455
https://zenodo.org/record/7018929,"""Kunis, Susanne""",160,111,345,320,160,111,318,343
https://zenodo.org/records/8329306,"""Kunis, Susanne""",372,333,390,360,369,330,357,387
https://zenodo.org/records/10008464,"""Moore, Josh""",584,485,676,627,329,293,332,351
https://zenodo.org/records/8070038,"""Stefanie Weidtkamp-Peters""",368,338,277,262,366,336,260,275
https://zenodo.org/records/10609770,"""Abdrabbou, Mohamed M. and Babaki, Mehrnaz and Boissonnet, Tom and Bortolomeazzi, Michele and Dahms, Eik and Fuchs, Vanessa A. F. and Hoevels, Moritz and Kandpal, Niraj and Möhl, Christoph and Moore, Joshua A. and Schauss, Astrid and Schrader, Andrea and Stöter, Torsten and Thönnißen, Julia and Valencia-S., Monica and Weil, H. Lukas and Wendt, Jens and Zentis, Peter""",95,95,699,664,77,77,595,617
https://zenodo.org/records/11235512,"""Moore, Josh and Kunis, Susanne""",257,220,424,396,257,220,396,424
https://zenodo.org/records/8329305,"""Kunis, Susanne""",372,333,390,360,369,330,357,387
https://zenodo.org/records/7928332,"""Moore, Joshua Allenm and Kunis, Susanne""",337,263,328,311,335,262,310,327
https://zenodo.org/records/8414318,"""Massei, Riccardo""",216,204,260,248,208,198,241,251
https://zenodo.org/records/10730423,"""Fuchs, Vanessa Aphaia Fiona and Wendt, Jens and Müller, Maximilian and Ahmadi, Mohsen and Massei, Riccardo and Wetzker, Cornelia""",201,174,353,320,201,174,320,353
https://zenodo.org/records/10939519,"""Schmidt, Christian""",180,168,248,225,180,168,225,248
https://zenodo.org/records/11031746,"""Fortmann-Grote, Carsten""",225,179,375,349,225,179,349,375
https://zenodo.org/records/13168693,"""Moore, Joshua and Kunis, Susanne and Grüning, Björn and Blank-Burian, Markus and Mallm, Jan-Philipp and Stöter, Torsten and Zuschratter, Werner and Figge, Marc Thilo and Kreshuk, Anna and Tischer, Christian and Haase, Robert and Zobel, Thomas and Bauer, Pavol and Svensson, Carl-Magnus and Gerst, Ruman and Hanne, Janina and Schmidt, Christian and Becker, Markus M. and Bocklitz, Thomas and Bumberger, Jan and Chalopin, Claire and Chen, Jianxu and Czodrowski, Paul and Dickscheid, Timo and Fortmann-Grote, Carsten and Huisken, Jan and Lohmann, Jan and Schauss, Astrid and Baumann, Martin and Beretta, Carlo and Burel, Jean-Marie and Heuveline, Vincent and Kuner, Rohini and Kuner, Thomas and Landwehr, Matthias and Leibfried, Andrea and Nitschke, Roland and Mittal, Deepti and von Suchodoletz, Dirk and Valencia-Schneider, Monica and Zentis, Peter and Brilhaus, Dominik and Hartley, Matthew and Hülsmann, Bastian and Dunker, Susanne and Keppler, Antje and Mathur, Aastha and Meesters, Christian and Möbius, Wiebke and Nahnsen, Sven and Pfander, Claudia and Rehwald, Stephanie and Serrano-Solano, Beatriz and Vilardell Scholten, Laura and Vogl, Raimund and Becks, Lutz and Ferrando-May, Elisa and Weidtkamp-Peters, Stefanie""",1442,1140,2136,2014,1442,1140,2014,2136
https://zenodo.org/records/11318151,"""Moore, Josh""",106,92,199,184,106,92,184,199
https://zenodo.org/records/11521029,"""Geiger, Jonathan and Steiner, Petra and Desouki, Abdelmoneim Amer and Lange, Frank""",3156,2597,3193,2900,2718,2218,2511,2758
https://zenodo.org/records/13379394,"""Haase, Robert""",1419,1220,1280,1222,1071,898,945,996
https://zenodo.org/records/13371196,"""Haase, Robert""",1604,1404,1219,1144,1165,1038,816,862
https://zenodo.org/records/13506641,"""Haase, Robert""",699,645,807,771,312,285,271,283
https://zenodo.org/records/11109616,"""Fuchs, Vanessa Aphaia Fiona and Schmidt, Christian and Boissonnet, Tom""",2604,2427,678,633,2604,2427,633,678
https://zenodo.org/records/13908480,"""Massei, Riccardo""",177,169,342,308,177,169,308,342
https://zenodo.org/records/13908108,"""Haase, Robert""",1207,1029,1386,1325,969,822,1123,1179
https://zenodo.org/records/13928832,"""Haase, Robert""",724,634,1067,981,329,274,464,515
https://zenodo.org/records/13331351,"""Fazeli, Elnaz and Robert, Haase and Michael, Doube and Kota, Miura and David, Legland""",640,550,1033,982,640,550,982,1033
https://zenodo.org/records/14001044,"""Haase, Robert""",1080,914,646,590,1080,914,590,646
https://zenodo.org/records/14001388,"""Moore, Josh""",123,102,221,208,123,102,208,221
https://zenodo.org/records/13831274,"""Moore, Josh""",195,166,352,336,156,131,283,297
https://zenodo.org/records/13991322,"""Moore, Josh""",497,464,342,328,339,317,233,246
https://zenodo.org/records/14014252,"""Zobel, Thomas and Wendt, Jens""",160,142,218,201,160,142,201,218
https://zenodo.org/records/14032908,"""Steuerungsgremium Allianz-Schwerpunkt and Alexander von Humboldt Foundation and Deutsche Forschungsgemeinschaft and Fraunhofer Society and German Rectors' Conference and Leibniz Association and German National Academy of Sciences Leopoldina and German Academic Exchange Service and Helmholtz Association of German Research Centres and Max Planck Society""",1816,1472,2672,2486,1816,1472,2486,2672
https://zenodo.org/records/14030307,"""Haase, Robert""",48,44,155,140,48,44,140,155
https://zenodo.org/records/14044640,"""Massei, Riccardo and Berndt, Matthias and Serrano-Solano, Beatriz and Busch, Wibke and Scholz, Stefan and Bohring, Hannes and Nyffeler, Jo and Reger, Luise and Bumberger, Jan and Lopez-Delisle, Lucille""",762,718,1041,886,153,150,496,514
https://zenodo.org/records/14013026,"""Boissonnet, Tom and Hagen, Bettina and Kunis, Susanne and Schmidt, Christian and Weidtkamp-Peters, Stefanie""",1730,1564,744,699,562,512,335,352
https://zenodo.org/records/13680725,"""Nicolas Chiaruttini""",3119,3063,316,290,3119,3063,290,316
https://zenodo.org/records/5675686,"""Romain Guiet and Nicolas Chiaruttini""",2178,1534,2822,2657,504,337,614,648
https://zenodo.org/records/8153907,"""Nicolas Chiaruttini""",47,44,224,203,47,44,203,224
https://zenodo.org/records/8305531,"""Nicolas Chiaruttini""",6827,5949,4108,3861,4476,3795,2904,3111
https://zenodo.org/records/1472859,"""Sarah Machado and Vincent Mercier and Nicolas Chiaruttini""",307,210,686,642,306,209,639,683
https://zenodo.org/records/8314968,"""Wendt Jens""",338,314,295,276,337,313,276,295
https://zenodo.org/records/13945179,"""Kemmer, Isabel and Romdhane, Feriel and Euro-BioImaging ERIC""",2057,1738,2405,2280,1074,866,1473,1554
https://zenodo.org/records/5847477,"""Alessandro Rigano and Ulrike Boehm and Claire M. Brown and Joel Ryan and James J. Chambers and Robert A. Coleman and Orestis Faklaris and Thomas Guilbert and Michelle S. Itano and Judith Lacoste and Alex Laude and Marco Marcello and Paula Montero-Llopis and Glyn Nelson and Roland Nitschke and Jaime A. Pimentel and Stefanie Weidtkamp-Peters and Caterina Strambio-De-Castillia""",3451,3318,1345,1248,3450,3317,1243,1338
https://zenodo.org/records/10069368,"""Ahmadi, Mohsen and Wagner, Robert and Mattern, Philipp and Plathe, Nick and Bekeschus, Sander and Becker, Markus M. and Stöter, Torsten and Weidtkamp-Peters, Stefanie""",278,250,298,279,278,250,279,298
https://zenodo.org/records/11445843,"""Heber, Maximilian and Jakob, Moritz and Landwehr, Matthias and Leendertse, Jan and Müller, Maximilian and Schneider, Gabriel and von Suchodoletz, Dirk and Ulrich, Robert""",753,617,1794,1573,753,617,1573,1794
https://zenodo.org/records/14178789,"""Boissonnet, Tom and Hagen, Bettina and Kunis, Susanne and Schmidt, Christian and Weidtkamp-Peters, Stefanie""",1730,1564,744,699,1168,1052,364,392
https://zenodo.org/records/14006558,"""Wetzker, Cornelia""",176,146,219,198,176,146,198,219
https://zenodo.org/records/13837146,"""Jüngst, Christian and Zentis, Peter""",102,102,207,198,102,102,198,207
https://zenodo.org/records/11503289,"""Dvoretskii, Stefan and Kulla, Lucas and Schader, Philipp and Ulrich, Constantin and Wald, Tassilo and Jäger, Paul F and Isensee, Fabian and Moore, Josh and Nolden, Marco and Maier-Hein, Klaus""",205,174,377,363,205,174,363,377
https://zenodo.org/records/13684187,"""Wetzker, Cornelia and Schlierf, Michael""",120,103,168,157,120,103,157,168
https://zenodo.org/records/13640979,"""Haase, Robert""",699,645,807,771,282,268,404,420
https://zenodo.org/records/13380289,"""Dvoretskii, Stefan and Moore, Josh and Schader, Philipp and Isensee, Fabian and Jäger, Paul F and Kulla, Lucas and Wald, Tassilo and Ulrich, Constantin and Nolden, Marco and Maier-Hein, Klaus""",403,372,383,365,333,312,297,312
https://zenodo.org/records/12699637,"""Habinger, Sophie and Heber, Maximilian and Kralj, Sonja and Mikautsch, Emilia""",282,230,414,377,282,230,377,414
https://zenodo.org/records/11501662,"""Massei, Riccardo and Schmidt, Christian and Bortolomeazzi, Michele and Thoennissen, Julia and Bumberger, Jan and Dickscheid, Timo and Mallm, Jan-Philipp and Ferrando-May, Elisa""",185,173,301,289,185,173,289,301
https://zenodo.org/records/11350689,"""Massei, Riccardo and Bortolomeazzi, Michele and Schmidt, Christian""",937,831,527,501,937,831,501,527
https://zenodo.org/records/11235513,"""Moore, Josh and Kunis, Susanne""",257,220,424,396,257,220,396,424
https://zenodo.org/records/11146807,"""Escobar Diaz Guerrero, Rodrigo""",31,30,215,204,31,30,204,215
https://zenodo.org/records/11031747,"""Fortmann-Grote, Carsten""",225,179,375,349,225,179,349,375
https://zenodo.org/records/10939520,"""Schmidt, Christian""",180,168,248,225,180,168,225,248
https://zenodo.org/records/10886750,"""Margineanu, Anca and Stringari, Chiara and Zoccoler, Marcelo and Wetzker, Cornelia""",986,874,512,476,986,874,476,512
https://zenodo.org/records/10808486,"""Fortmann-Grote, Carsten""",250,204,378,352,250,204,352,378
https://zenodo.org/records/10793700,"""Massei, Riccardo""",165,161,487,451,165,161,451,487
https://zenodo.org/records/10730424,"""Fuchs, Vanessa Aphaia Fiona and Wendt, Jens and Müller, Maximilian and Ahmadi, Mohsen and Massei, Riccardo and Wetzker, Cornelia""",201,174,353,320,201,174,320,353
https://zenodo.org/records/12546808,"""Jannasch, Anett and Tulok, Silke and Fuchs, Vanessa Aphaia Fiona and Boissonnet, Tom and Schmidt, Christian and Bortolomeazzi, Michele and Fabig, Gunar and Okafornta, Chukwuebuka""",68,66,261,235,68,66,235,261
https://zenodo.org/records/7890311,"""Stefanie Weidtkamp-Peters and Janina Hanne and Christian Schmidt""",481,399,263,250,481,399,250,263
https://zenodo.org/records/10103316,"""Tulok, Silke and Fabig, Gunar and Vogelsang, Andy and Kugel, Thomas and Müller-Reichert, Thomas""",256,222,294,275,256,222,275,294
https://zenodo.org/records/12547566,"""Fabig, Gunar and Jannasch, Anett and Okafornta, Chukwuebuka and Boissonnet, Tom and Schmidt, Christian and Bortolomeazzi, Michele and Fuchs, Vanessa Aphaia Fiona and Koeckert, Maria and Poddar, Aayush and Vogel, Martin and Schwarzbach, Hanna-Margareta and Vogelsang, Andy and Gerlach, Michael and Nobst, Anja and Müller-Reichert, Thomas and Tulok, Silke""",134,130,299,265,134,130,265,299
https://zenodo.org/records/14168603,"""Gerlach, Michael""",291,279,209,201,291,279,201,209
https://zenodo.org/records/14161633,"""Ishikawa-Ankerhold, Dr. Hellen and Nobis, Max""",117,106,164,159,117,106,159,164
https://zenodo.org/records/14161289,"""Gerlach, Michael and Fried, Hans-Ulrich and Peuckert, Christiane""",100,93,221,212,100,93,212,221
https://zenodo.org/records/14113714,"""Ishikawa-Ankerhold, Dr. Hellen""",120,116,245,235,94,91,183,189
https://zenodo.org/records/13683167,"""Gerlach, Michael""",306,115,214,202,306,115,202,214
https://zenodo.org/records/13736218,"""Gerlach, Michael""",170,84,197,186,170,84,186,197
https://zenodo.org/records/13736240,"""Gerlach, Michael""",106,58,194,187,106,58,187,194
https://zenodo.org/records/13682928,"""Gerlach, Michael""",528,114,193,181,528,114,181,193
https://zenodo.org/records/13807114,"""Financial & Legal Framework of Core Facilities and Endl, Elmar and Hedrich, Jana and Hoth, Juliane and Nagy, Julia and Schauss, Astrid and Schulze, Nina and Tulok, Silke""",271,222,353,320,271,222,320,353
https://zenodo.org/records/13810879,"""Financial & Legal Framework of Core Facilities and Endl, Elmar and Hedrich, Jana and Hoth, Juliane and Nagy, Julia and Schauss, Astrid and Schulze, Nina and Tulok, Silke""",539,384,648,569,363,276,341,387
https://zenodo.org/records/12578084,"""Tulok, Silke and Nobst, Anja and Jannasch, Anett and Boissonnet, Tom and Fabig, Gunar""",73,72,252,231,73,72,231,252
https://zenodo.org/records/7944877,"""Gerlach, Michael""",167,167,134,130,167,167,130,134
https://zenodo.org/records/7963020,"""Gerlach, Michael""",78,78,133,131,78,78,131,133
https://zenodo.org/records/7963006,"""Gerlach, Michael""",92,89,135,131,92,89,131,135
https://zenodo.org/records/7945018,"""Gerlach, Michael""",65,65,119,117,65,65,117,119
https://zenodo.org/records/12166710,"""Gerlach, Michael""",126,117,319,302,126,117,302,319
https://zenodo.org/records/10925217,"""Utz, Nadine and Reither, Sabine and Hans, Ruth and Feldhaus, Christian""",128,117,149,146,128,117,146,149
https://zenodo.org/records/10889694,"""Weidtkamp-Peters, Stefanie and Moore, Josh and Schmidt, Christian and Nitschke, Roland and Kunis, Susanne and Zobel, Thomas""",231,199,347,328,231,199,328,347
https://zenodo.org/records/10839310,"""Stringari, Chiara""",1032,758,682,640,1032,758,640,682
https://zenodo.org/records/10805204,"""Schmidt, Christian and Bortolomeazzi, Michele and Boissonnet, Tom and Dohle, Julia and Wernet, Tobias and Hanne, Janina and Nitschke, Roland and Kunis, Susanne and Bernhardt, Karen and Weidtkamp-Peters, Stefanie and Ferrando-May, Elisa""",194,180,214,209,194,180,209,214
https://zenodo.org/records/10796364,"""Kunis, Susanne and Zobel, Thomas""",135,126,198,192,135,126,192,198
https://zenodo.org/records/10679318,"""bugraoezdemir""",418,418,1691,1661,40,40,419,422
https://zenodo.org/records/8338931,"""David, Romain and Rybina, Arina and Burel, Jean-Marie and Heriche, Jean-Karim and Audergon, Pauline and Boiten, Jan-Willem and Coppens, Frederik and Crockett, Sara and Exter Katrina and Fahrener, Sven and Fratelli, Maddalena and Goble, Carole and Gormanns, Philipp and Grantner, Tobias and Gruning, Bjorn and Gurwitz, Kim Tamara and Hancock, John and Harmse, Henriette and Holub, Petr and Juty, Nick and Karnbach, Geoffrey and Karoune, Emma and Keppler, Antje and Klemeier, Jessica and Lancelotti, Carla and Legras, Jean-Luc and Lister, L. Allyson and Livio Longo, Dario and Ludwig, Rebecca and Madon, Benedicte and Massimi, Marzia and Matser, Vera and Matteoni, Rafaele and Mayrhofer, Michaela Th. and Ohmann, Christian and Panagiotopoulou, Maria and Parkinson, Helen and Perseil, Isabelle and Pfander, Claudia and Pieruschka, Roland and Raess, Michael and Rauber, Andreas and Richard, Audrey S. and Romano, Paolo and Rosato, Antonio and Sanchez-Pla, Alex and Sansone, Susanna-Assunta and Sarkans, Ugis and Serrano-Solano, Beatriz and Tang, Jing and Tanoli, Ziaurrehman and Tedds, Jonathan and Wagener, Harald and Weise, Martin and Westerhoff, Hans V. and Wittner, Rudolf and Ewbank, Jonathan and Blomberg, Niklas and Gribbon, Philip""",3262,2962,5090,4618,735,652,1503,1593
https://zenodo.org/records/8182154,"""Beatriz Serrano-Solano""",115,105,221,217,115,105,217,221
https://zenodo.org/records/8146412,"""Euro-BioImaging ERIC""",499,485,195,189,497,483,186,192
https://zenodo.org/records/7788899,"""Kemmer, Isabel and Keppler, Antje and Serrano-Solano, Beatriz and Rybina, Arina and Özdemir, Bugra and Bischof, Johanna and El Ghadraoui, Ayoub and Eriksson, John E. and Mathur, Aastha""",509,481,594,539,508,480,539,594
https://zenodo.org/records/13739137,"""Sorensen, Luke and Saito, Ayame and Poon, Sabrina and Noe Han, Myat and Hamnett, Ryan and Neckel, Peter and Humenick, Adam and Mutunduwe, Keith and Glennan, Christie and Mahdavian, Narges and JH Brookes, Simon and M McQuade, Rachel and PP Foong, Jaime and Gómez-de-Mariscal, Estibaliz and Muñoz Barrutia, Arrate and Kaltschmidt, Julia A. and King, Sebastian K. and Haase, Robert and Carbone, Simona and A. Veldhuis, Nicholas and P. Poole, Daniel and Rajasekhar, Pradeep""",384,374,1638,1478,71,71,157,161
https://zenodo.org/records/10460434,"""Luke Sorensen and Ayame Saito and Sabrina Poon and Myat Noe Han and Adam Humenick and Peter Neckel and Keith Mutunduwe and Christie Glennan and Narges Mahdavian and Simon JH Brookes and Rachel M McQuade and Jaime PP Foong and Sebastian K. King and Estibaliz  Gómez-de-Mariscal and Arrate Muñoz-Barrutia and Robert Haase and Simona Carbone and Nicholas A. Veldhuis and Daniel P. Poole and Pradeep Rajasekhar""",1916,1779,1938,1818,372,309,508,538
https://zenodo.org/records/8372703,"""Martin Schätz""",512,452,810,772,380,327,345,362
https://zenodo.org/records/7919117,"""Romain""",202,187,237,232,202,187,232,237
https://zenodo.org/records/7885379,"""Schätz, Martin and Rubešová, Olga and Mareš, Jan and Spark, Alan""",578,526,773,721,157,141,223,238
https://zenodo.org/records/7447491,"""Anna Pascual Reguant and Ronja Mothes and Helena Radbruch and Anja E. Hauser""",2127,1906,896,733,2127,1906,731,893
https://zenodo.org/records/7409423,"""Romain Guiet and Olivier Burri and Mehmet Girgin and Matthias Lutolf""",230,222,258,236,230,222,236,258
https://zenodo.org/records/7215114,"""Martin Schätz""",128,119,274,257,128,119,256,272
https://zenodo.org/records/7209862,"""Robert Haase""",384,327,381,345,382,325,345,381
https://zenodo.org/records/7015307,"""Sebastian Rhode""",4148,3821,1174,1119,4146,3820,1115,1169
https://zenodo.org/records/6991106,"""Schätz, Martin""",56,56,400,385,36,36,245,253
https://zenodo.org/records/6953610,"""Schätz, Martin and Mrazík, Lukáš and Máhlerova, Karolina""",55,55,224,208,55,55,208,224
https://zenodo.org/records/6834214,"""Waiger, Daniel""",95,89,180,173,94,88,173,180
https://zenodo.org/records/6646128,"""Julie Meystre""",121,99,214,207,121,99,206,213
https://zenodo.org/records/6645978,"""Romain Guiet""",1341,1124,1725,1618,1337,1120,1606,1711
https://zenodo.org/records/6554166,"""Laurent Thomas""",400,338,321,314,399,337,313,320
https://zenodo.org/records/6535296,"""Thomas Laurent""",247,209,300,281,247,209,279,298
https://zenodo.org/records/6523649,"""Laia Simó-Riudalbas and Romain Guiet and Olivier Burri and Julien Duc and Didier Trono""",665,473,621,603,654,470,600,618
https://zenodo.org/records/6140111,"""Romain Guiet and Olivier Burri""",216,190,1075,1013,212,187,1007,1066
https://zenodo.org/records/6139958,"""Romain Guiet""",525,389,1567,1429,518,382,1418,1556
https://zenodo.org/records/5996883,"""Laura Capolupo""",206,195,999,936,203,192,929,991
https://zenodo.org/records/6023317,"""Laura Capolupo and Olivier Burri and Romain Guiet""",220,209,1114,1065,219,208,1059,1107
https://zenodo.org/records/5121890,"""Laurent Thomas and Pierre Trehin""",118,116,694,654,78,78,472,509
https://zenodo.org/records/5101351,"""Romain Guiet""",990,756,545,489,990,756,489,545
https://zenodo.org/records/13642395,"""Cavanagh""",39,39,193,187,39,39,187,193
https://zenodo.org/records/12773657,"""Chiaruttini, Nicolas""",405,389,224,211,405,389,211,224
https://zenodo.org/records/12533989,"""j""",65,57,160,153,65,57,153,160
https://zenodo.org/records/11637422,"""IMCF""",118,118,153,145,118,118,145,153
https://zenodo.org/records/11234863,"""Garcia, Mario""",102,96,137,133,102,96,133,137
https://zenodo.org/records/7018750,"""Kunis, Susanne and Dohle, Julia""",1155,905,1934,1832,680,502,1287,1335
https://zenodo.org/records/6905931,"""Kunis""",454,443,229,223,452,441,217,223
https://zenodo.org/records/14197622,"""Stucchi, Marco""",165,165,111,103,165,165,103,111
https://zenodo.org/records/14234608,"""Moore, Josh""",259,216,271,263,259,216,263,271
https://zenodo.org/records/14235726,"""Stucchi, Marco""",88,87,108,101,88,87,101,108
https://zenodo.org/records/14278058,"""König-Ries, Birgitta and Haase, Robert and Nüst, Daniel and Förstner, Konrad and Engel, Judith Sophie""",325,297,525,494,325,297,494,525
https://zenodo.org/records/14287640,"""Marin, Zach and Su, Maohan""",35,35,164,160,35,35,160,164
https://zenodo.org/records/14281237,"""Marin, Zach and Su, Maohan""",63,63,159,152,63,63,152,159
https://zenodo.org/records/14268554,"""Marin, Zach""",36,36,153,148,36,36,148,153
https://zenodo.org/records/14418209,"""Haase, Robert""",676,578,830,786,444,388,371,388
https://zenodo.org/records/14381522,"""Becker, Markus M. and Chaerony Siffa, Ihda and Baum, Roman""",186,173,417,404,186,173,404,417
https://zenodo.org/records/14186101,"""NFDI4BIOIMAGE Consortium""",1022,945,508,482,1022,945,482,508
https://zenodo.org/records/14035822,"""Engel, Judith and Helling, Patrick and Herrenbrück, Robert and Lemaire, Marina and Mehrtens, Hela and Schmidt, Marcus and Stellmacher, Martha and Weimer, Lukas and Wiljes, Cord and Zinke, Wolf""",730,596,969,893,730,596,893,969
https://zenodo.org/records/13861026,"""Schmidt, Christian and Boissonnet, Tom and Bortolomeazzi, Michele and Krooß, Ksenia""",806,698,610,584,806,698,584,610
https://zenodo.org/records/14510432,"""Salama Lab Fred Hutchinson Cancer Center""",134,134,182,173,134,134,173,182
https://zenodo.org/records/14626054,"""Haase, Robert""",1702,1463,1145,1089,1164,954,925,981
https://zenodo.org/records/7257808,"""Joachim Goedhart""",107,99,799,766,90,82,629,656
https://zenodo.org/records/4778265,"""Shanmugasundaram""",370,348,546,512,368,347,510,544
https://zenodo.org/records/14264885,"""Tischer, Christian and Politi, Antonio and Buchholz, Tim-Oliver and Fazeli, Elnaz and Gritti, Nicola and Halavatyi, Aliaksandr and Gonzalez Tirado, Sebastian and Hennies, Julian and Hodges, Toby and Khan, Arif and Kutra, Dominik and Marcotti, Stefania and Oezdemir, Bugra and Schneider, Felix and Schorb, Martin and Stokkermans, Anniek and Sun, Yi and Vakili, Nima""",81,79,404,380,15,15,133,147
https://zenodo.org/records/14716546,"""Moore, Josh""",648,481,714,695,158,138,148,153
https://zenodo.org/records/14650434,"""Moore, Josh""",409,303,273,252,409,303,252,273
https://zenodo.org/records/14641777,"""Vermaercke, Ben""",141,126,221,215,141,126,215,221
https://zenodo.org/records/14675120,"""West-Foyle, Hoku""",72,72,149,140,72,72,140,149
https://zenodo.org/records/14771563,"""Pylvänäinen, Joanna W.""",1894,1822,1077,990,1894,1822,990,1077
https://zenodo.org/records/14692037,"""Haase, Robert""",1471,1372,514,504,710,662,183,185
https://zenodo.org/records/14792534,"""Fortmann-Grote, Carsten and Meireles, Mariana""",220,200,208,203,220,200,203,208
https://zenodo.org/records/14777242,"""Kuttler, Fabien and Dornier, Rémy""",80,80,229,220,80,80,220,229
https://zenodo.org/records/14769820,"""Kuttler, Fabien and Dornier, Rémy""",115,115,169,162,115,115,162,169
https://zenodo.org/records/14729452,"""Zollitsch, Linda and Piotrowski, Swantje""",183,170,382,349,78,76,208,219
https://zenodo.org/records/14845059,"""Moore, Josh""",648,481,714,695,490,343,547,561
https://zenodo.org/records/14832855,"""Bortolomeazzi, Michele and Schmidt, Christian and Mallm, Jan-Philipp""",1045,914,758,739,1045,914,739,758
https://zenodo.org/records/13880367,"""Fuster-Barcelo, Caterina""",198,185,199,195,198,185,195,199
https://zenodo.org/records/14917722,"""Laurent Thomas and Pierre Trehin""",118,116,694,654,40,38,179,181
https://zenodo.org/records/14913673,"""Sorensen, Luke and Saito, Ayame and Poon, Sabrina and Noe Han, Myat and Hamnett, Ryan and Neckel, Peter and Humenick, Adam and Mutunduwe, Keith and Glennan, Christie and Mahdavian, Narges and JH Brookes, Simon and M McQuade, Rachel and PP Foong, Jaime and Gómez-de-Mariscal, Estibaliz and Muñoz Barrutia, Arrate and Kaltschmidt, Julia A. and King, Sebastian K. and Haase, Robert and Carbone, Simona and A. Veldhuis, Nicholas and P. Poole, Daniel and Rajasekhar, Pradeep""",384,374,1638,1478,42,40,160,222
https://zenodo.org/records/14893791,"""Romette, Louis""",82,81,168,161,82,81,161,168
https://zenodo.org/records/14053758,"""Haase, Robert""",489,430,598,573,489,430,573,598
https://zenodo.org/records/14043615,"""Haase, Robert""",884,776,642,597,783,693,527,565
https://zenodo.org/records/14937632,"""Schwarz, Michael""",150,148,241,226,69,69,124,134
https://zenodo.org/records/14933318,"""Rodriguez, Areli""",68,66,169,163,68,66,163,169
https://zenodo.org/records/14944040,"""Serrano-Solano, Beatriz and Kostrykin, Leonid and Fouilloux, Anne and Massei, Riccardo""",439,372,562,547,439,372,547,562
https://zenodo.org/records/15031842,"""Moore, Josh""",584,485,676,627,329,293,332,351
https://zenodo.org/records/15026373,"""Schmidt, Christian and Bortolomeazzi, Michele and Krooß, Ksenia and Mallm, Jan-Philipp and Ferrando-May, Elisa and Weidtkamp-Peters, Stefanie""",1086,999,514,496,1086,999,496,514
https://zenodo.org/records/14988921,"""Krooß, Ksenia and Fuchs, Vanessa Aphaia Fiona and Boissonnet, Tom and Weidtkamp-Peters, Stefanie""",415,376,303,294,415,376,294,303
https://zenodo.org/records/14979253,"""Chiang Jurado, Diana and Massei, Riccardo and Videm, Pavankumar and Kumar, Anup and Fouilloux, Anne and Kostrykin, Leonid and Serrano-Solano, Beatriz and Grüning, Björn""",227,213,657,649,227,213,649,657
https://zenodo.org/records/14975462,"""Massei, Riccardo and Bernt, Matthias and Serrano-Solano, Beatriz and Lopez-Delisle, Lucille and Bumberger, Jan and Grüning, Björn and Kostrykin, Leonid""",283,258,658,645,283,258,645,658
https://zenodo.org/records/14909526,"""Massei, Riccardo and Berndt, Matthias and Lopez-Delisle, Lucille and Serrano-Solano, Beatriz and Busch, Wibke and Scholz, Stefan and Bohring, Hannes and Nyffeler, Jo and Reger, Luise and Bumberger, Jan""",762,718,1041,886,582,542,342,476
https://zenodo.org/records/15001649,"""Dubrulle, Julien""",107,106,106,105,107,106,105,106
https://zenodo.org/records/14968770,"""Bohl, Jürgen""",510,164,82,81,510,164,81,82
https://zenodo.org/records/15083018,"""Moore, Josh and Kunis, Susanne""",265,190,344,329,265,190,329,344
https://zenodo.org/records/15047849,"""Massei, Riccardo and Bernt, Matthias and Kostrykin, Leonid and Bumberger, Jan""",229,215,186,182,229,215,182,186
https://zenodo.org/records/15065070,"""Bernard, Lars and Brück, Maike and Busse, Christian and Engel, Judith and Eufinger, Jan and Ewert, Frank and Fluck, Juliane and Förstner, Konrad and Fürst, Julia and Gauza, Holger and Getzlaff, Klaus and Glöckner, Frank Oliver and Hunold, Johannes and Koepler, Oliver and Krooß, Ksenia and Lindstädt, Birte and McHardy, Alice C. and Mehrtens, Hela and Rey-Mazon, Elena and Schmidt, Marcus and Schober, Isabel and Schröter, Annett and Stegle, Oliver and Steinbeck, Christoph and Steinhart, Feray and von Suchodoletz, Dirk and Weidtkamp-Peters, Stefanie and Wendt, Jens and Wetzker, Conni""",600,495,1385,1230,600,495,1230,1385
https://zenodo.org/records/15150937,"""Marin, Zach""",123,121,117,116,123,121,116,117
https://zenodo.org/records/15168241,"""Walther, Christa""",365,321,375,363,365,321,363,375
https://zenodo.org/records/14710820,"""Tischer, Christian and Politi, Antonio and Buchholz, Tim-Oliver and Fazeli, Elnaz and Gritti, Nicola and Halavatyi, Aliaksandr and Gonzalez Tirado, Sebastian and Hennies, Julian and Hodges, Toby and Khan, Arif and Kutra, Dominik and Marcotti, Stefania and Oezdemir, Bugra and Schneider, Felix and Schorb, Martin and Stokkermans, Anniek and Sun, Yi and Vakili, Nima""",81,79,404,380,52,50,212,221
https://zenodo.org/records/15268798,"""Dvoretskii, Stefan and Bortolomeazzi, Michele and Nolden, Marco and Schmidt, Christian and Maier-Hein, Klaus and Moore, Josh""",158,136,209,203,158,136,203,209
https://zenodo.org/records/8349563,"""Stöter, Torsten and Gottschall, Tobias and Schrader, Andrea and Zentis, Peter and Valencia-Schneider, Monica and Kandpal, Niraj and Zuschratter, Werner and Schauss, Astrid and Dickscheid, Timo and Mühlhaus, Timo and von Suchodoletz, Dirk""",484,407,819,763,478,401,758,814
https://zenodo.org/records/5220610,"""Jean-Yves Tinevez and Joanna W. Pylvänäinen and Guillaume Jacquemet""",685,538,1170,1129,685,538,1125,1166
https://zenodo.org/records/6560910,"""Kubow, Kristopoher and Pengo, Thomas""",717,680,329,315,717,680,314,328
https://zenodo.org/records/5942575,"""Fuhui Long and Hanchuan Peng and Xiao Liu and Stuart K Kim and Eugene Myers and Dagmar Kainmüller and Martin Weigert""",379,359,1731,1599,378,358,1594,1726
https://zenodo.org/records/6560759,"""Kubow, Kristopher and Pengo, Thomas""",632,584,328,319,632,584,319,328
https://zenodo.org/records/6140064,"""Romain Guiet""",414,371,700,647,410,367,642,695
https://zenodo.org/records/6657260,"""Malou Arvidsson and Salma Kazemi Rashed and Sonja Aits""",1211,1030,1583,1505,1206,1026,1494,1572
https://zenodo.org/records/10617532,"""Follain, Gautier and Ghimire, Sujan and Pylvänäinen, Joanna and Ivaska, Johanna and Jacquemet, Guillaume""",72,70,259,247,72,70,247,259
https://zenodo.org/records/13442128,"""Follain, Gautier and Ghimire, Sujan and Pylvänäinen, Joanna and Ivaska, Johanna and Jacquemet, Guillaume""",89,72,257,242,89,72,242,257
https://zenodo.org/records/10572200,"""Follain, Gautier and Ghimire, Sujan and Pylvänäinen, Joanna and Ivaska, Johanna and Jacquemet, Guillaume""",65,53,240,225,65,53,225,240
https://zenodo.org/records/10572122,"""Follain, Gautier and Ghimire, Sujan and Pylvänäinen, Joanna and Ivaska, Johanna and Jacquemet, Guillaume""",120,95,334,310,120,95,310,334
https://zenodo.org/records/10572231,"""Follain, Gautier and Ghimire, Sujan and Pylvänäinen, Joanna and Ivaska, Johanna and Jacquemet, Guillaume""",78,71,313,292,78,71,292,313
https://zenodo.org/records/10669918,"""Dohmen, Melanie and Mittermaier, Mirja and Hocke, Andreas""",37,35,238,222,37,35,222,238
https://zenodo.org/records/10572310,"""Follain, Gautier and Ghimire, Sujan and Pylvänäinen, Joanna and Ivaska, Johanna and Jacquemet, Guillaume""",58,56,265,246,58,56,246,265
https://zenodo.org/records/7690494,"""Hao Xu and Wei Ouyang""",59221,41444,813,793,26269,19587,332,344
https://zenodo.org/records/13442877,"""Follain, Gautier and Ghimire, Sujan and Pylvänäinen, Joanna and Ivaska, Johanna and Jacquemet, Guillaume""",86,68,231,213,86,68,213,231
https://zenodo.org/records/2579118,"""Naylor Peter Jack and Walter Thomas and Laé Marick and Reyal Fabien""",7974,6435,19714,17656,988,837,3220,3518
https://zenodo.org/records/13304399,"""Follain, Gautier and Ghimire, Sujan and Pylvänäinen, Joanna and Ivaska, Johanna and Jacquemet, Guillaume""",64,61,289,273,64,61,273,289
https://zenodo.org/records/11235393,"""Golani, Ofra and Mohan, Vishnu and Geiger, Tamar""",138,104,153,147,138,104,147,153
https://zenodo.org/records/4811213,"""Hussein Al-Akhrass and Johanna Ivaska and Guillaume Jacquemet""",289,268,1324,1272,289,268,1263,1315
https://zenodo.org/records/4765599,"""Sorzabal Bellido, Ioritz and Barbieri, Luca and Beckett, Alison J. and Prior, Ian A. and Susarrey-Arce, Arturo and Tiggelaar, Roald M. and Forthergill, Jo and Raval, Rasmita and Diaz Fernandez, Yuri A.""",114,111,473,465,114,111,465,473
https://zenodo.org/records/11105050,"""Spahn, Christoph and Diepold, Andreas and Ermoli, Francesca""",156,152,200,192,156,152,192,200
https://zenodo.org/records/4034939,"""Gautier Follain and Guillaume Jacquemet""",210,195,1124,1027,210,195,1024,1121
https://zenodo.org/records/4034976,"""Guillaume Jacquemet""",280,253,1539,1447,280,253,1443,1535
https://zenodo.org/records/7003909,"""Sarkis Rita and Naveiras Olaia and Burri Olivier and Weigert Martin and De Leval Laurence""",508,449,594,545,507,448,543,589
https://zenodo.org/records/4034929,"""Nathan H. Roy and Guillaume Jacquemet""",251,224,1641,1525,249,222,1504,1617
https://zenodo.org/records/8091914,"""Zhongtian Shao""",115,113,508,501,115,113,497,504
https://zenodo.org/records/5551009,"""Spahn, Christoph and Heilemann, Mike and Holden, Séamus and Conduit, Mia and Pereira, Pedro Matos and Pinho, Mariana""",906,736,1908,1723,906,736,1721,1906
https://zenodo.org/records/8252039,"""Alwes, Frederike and Sugawara, Ko and Averof, Michalis""",814,736,712,671,626,573,302,331
https://zenodo.org/records/3715492,"""Johanna Jukkala and Guillaume Jacquemet""",2875,2402,9162,8063,2771,2320,7700,8777
https://zenodo.org/records/7949940,"""Johanna Jukkala and Guillaume Jacquemet""",1727,1297,209,204,1704,1275,204,209
https://zenodo.org/records/13443221,"""Follain, Gautier and Ghimire, Sujan and Pylvänäinen, Joanna and Ivaska, Johanna and Jacquemet, Guillaume""",78,74,291,276,78,74,276,291
https://zenodo.org/records/10720439,"""Bär, Julian""",583,583,360,347,475,475,284,294
https://zenodo.org/records/5550933,"""Pereira, Pedro Matos and Pinho, Mariana""",775,666,2116,1932,772,664,1926,2109
https://zenodo.org/records/5550968,"""Holden, Séamus and Conduit, Mia""",606,547,1386,1253,605,546,1249,1382
https://zenodo.org/records/5550935,"""Spahn, Christoph and Heilemann, Mike""",1189,910,2710,2257,1187,908,2251,2701
https://zenodo.org/records/4590066,"""Cortada, Maurizio and Sauteur, Loïc and Lanz, Michael and Levano, Soledad and Bodmer, Daniel""",170,148,378,336,170,148,334,376
https://zenodo.org/records/10913446,"""Qamar, Saqib and Baba, Abu Imran and Verger, Stèphane and Andersson, Magnus""",447,396,413,386,447,396,386,413
https://zenodo.org/records/5841376,"""Wanner, Julian and Kuhn Cuellar, Luis and Wanke, Friederike""",719,515,593,548,719,515,547,592
https://zenodo.org/records/3675220,"""Constantin Pape""",621,495,757,712,621,495,711,755
https://zenodo.org/records/10043461,"""Ilya, Belevich and Jokitalo, Eija""",585,534,784,730,585,534,730,784
https://zenodo.org/records/14330011,"""Pape, Constantin""",158,147,403,373,110,99,181,195
https://zenodo.org/records/5765648,"""Dietler, Nicola and Minder, Matthias and Gligorovski, Vojislav and Economou, Augoustina Maria and Joly, Denis Alain Henri Lucien and Sadeghi, Ahmad and Chan, Chun Hei Michael and Kozinski, Mateusz and Weigert, Martin and Bitbol, Anne-Florence and Rahi, Sahand Jamal""",73,70,411,408,73,70,407,410
https://zenodo.org/records/7739793,"""Lamm, Lorenz""",48,47,163,158,48,47,158,163
https://zenodo.org/records/7335439,"""Heebner, Jessica and Purnell, Carson and Hylton, Ryan and Marsh, Mike and Grillo, Michael and Swulius, Matt""",89,76,231,229,89,76,225,227
https://zenodo.org/records/7041137,"""Wohlwend, Martin and Burri, Olivier and Auwerx, Johan""",326,319,554,538,326,319,538,554
https://zenodo.org/records/12656468,"""Jacquemier, Jean and Meystre, Julie and Burri, Olivier""",1218,1096,611,595,1218,1096,595,611
https://zenodo.org/records/8188948,"""Martyna Mazur and Wojciech Krauze""",1013,800,863,829,822,614,515,542
https://zenodo.org/records/15370205,"""Shi, Can and Fan, Jinghong and Deng, Zhonghan and Liu, Huanlin and Kang, Qiang and Li, Yumei and Guo, Jing and Wang, Jingwen and Gong, Jinjiang and Liao, Sha and Chen, Ao and Zhang, Ying and Li, Mei""",3823,2823,1968,1798,2519,1752,890,954
https://zenodo.org/records/10719375,"""Ma, Jun and Xie, Ronald and Ayyadhury, Shamini and Ge, Cheng and Gupta, Anubha and Gupta, Ritu and Gu, Song and Zhang, Yao and Lee, Gihun and Kim, Joonkee and Lou, Wei and Li, Haofeng and Upschulte, Eric and Dickscheid, Timo and de Almeida, José Guilherme and Wang, Yixin and Han, Lin and Yang, Xin and Labagnara, Marco and Gligorovski, Vojislav and Scheder, Maxime and Rahi, Sahand Jamal and Kempster, Carly and Pollitt, Alice and Espinosa, Leon and Mignot, Tam and Middeke, Jan Moritz and Eckardt, Jan-Niklas and Li, Wangkai and Li, Zhaoyang and Cai, Xiaochen and Bai, Bizhe and Greenwald, Noah F. and Van Valen, David and Weisbart, Erin and Cimini, Beth A and Cheung, Trevor and Brück, Oscar and Bader, Gary D. and Wang, Bo""",12153,6650,5439,4969,12153,6650,4969,5439
https://zenodo.org/records/8065174,"""Naji Hussein and Büttner Reinhard and Simon Adrian and Eich Marie-Lisa and Lohneis Philipp and Bozek Katarzyna""",1850,1344,2342,2105,1850,1344,2102,2339
https://zenodo.org/records/15050523,"""Schuiveling, Mark""",14665,9137,8798,7830,2393,1729,1846,2024
https://zenodo.org/records/8417503,"""Jeongun Ryu and Aaron Valero Puche and JaeWoong Shin and Seonwook Park and Biagio Brattoli and Mohammad Mostafavi and Jinhee Lee and Sérgio Pereira and Wonkyung Jung and Soo Ick Cho and Chan-Young Ock and Kyunghyun Paeng and Donggeun Yoo""",1497,1095,11261,8588,821,587,1612,1770
https://zenodo.org/records/5979761,"""Estibaliz Gómez-de-Mariscal and Hasini Jayatilaka and Denis Wirtz and Arrate Muñoz-Barrutia""",727,594,1514,1438,233,226,459,472
https://zenodo.org/records/15423904,"""Dvoretskii, Stefan and Maier-Hein, Klaus and Nolden, Marco and Schmidt, Christian and Bortolomeazzi, Michele and Moore, Josh""",184,166,213,204,184,166,204,213
https://zenodo.org/records/15152576,"""Bortolomeazzi, Michele and Boissonnet, Tom""",393,381,181,169,393,381,169,181
https://zenodo.org/records/15425770,"""Kemmer, Isabel and Romdhane, Feriel and Euro-BioImaging ERIC""",2057,1738,2405,2280,802,710,611,647
https://zenodo.org/records/15314214,"""Luke Sorensen and Ayame Saito and Sabrina Poon and Myat Noe Han and Adam Humenick and Peter Neckel and Keith Mutunduwe and Christie Glennan and Narges Mahdavian and Simon JH Brookes and Rachel M McQuade and Jaime PP Foong and Sebastian K. King and Estibaliz  Gómez-de-Mariscal and Arrate Muñoz-Barrutia and Robert Haase and Simona Carbone and Nicholas A. Veldhuis and Daniel P. Poole and Pradeep Rajasekhar""",1916,1779,1938,1818,1020,994,383,393
https://zenodo.org/records/15353569,"""Young, Pamela""",248,247,181,171,248,247,171,181
https://zenodo.org/records/15546497,"""Haase, Robert""",14961,14117,2534,2392,1347,1234,219,230
https://zenodo.org/records/15379632,"""Haase, Robert""",643,598,384,373,643,598,373,384
https://zenodo.org/records/15165424,"""Haase, Robert""",681,574,533,511,681,574,511,533
https://zenodo.org/records/14996127,"""Haase, Robert""",645,613,294,290,645,613,290,294
https://zenodo.org/records/15575379,"""Moore, Josh and Sun, Yi""",169,138,241,230,169,138,230,241
https://zenodo.org/records/15393592,"""Schmidt, Christian and Mathur, Aastha and Moore, Josh""",158,141,182,169,158,141,169,182
https://zenodo.org/records/15479606,"""Moore, Josh""",645,417,410,393,645,417,393,410
https://zenodo.org/records/15493140,"""Bustos, Jonatan""",465,463,174,167,465,463,167,174
https://zenodo.org/records/15579371,"""Carlos, Jaramillo""",46,45,92,90,46,45,90,92
https://zenodo.org/records/15597856,"""Moore, Josh""",504,378,975,962,504,378,962,975
https://zenodo.org/records/15647102,"""Kemmer, Isabel and Euro-BioImaging ERIC""",258,226,226,221,258,226,221,226
https://zenodo.org/records/12584729,"""Schätz, Martin""",259,231,290,267,259,231,267,290
https://zenodo.org/records/15402904,"""Koutentaki, Georgia and Schätz, Martin and Vališ, Jan""",178,153,224,213,178,153,213,224
https://zenodo.org/records/13897937,"""Kylies, Dominik and Heil, Hannah S. and Vesga, Arturo G. and Del Rosario, Mario and Schwerk, Maria and Kuehl, Malte and Wong, Milagros N. and Puelles, Victor and Henriques, Ricardo""",1081,1016,450,438,684,637,277,285
https://zenodo.org/records/15796252,"""Weidtkamp-Peters, Stefanie and Boissonnet, Tom and Schmidt, Christian""",413,349,229,222,413,349,222,229
https://zenodo.org/records/15793536,"""Haase, Robert""",14961,14117,2534,2392,1900,1839,133,135
https://zenodo.org/records/15771899,"""Michele, Bortolomeazzi""",101,96,158,157,101,96,157,158
https://zenodo.org/records/15756866,"""Moore, Josh""",219,177,264,227,219,177,227,264
https://zenodo.org/records/15735577,"""Haase, Robert""",796,609,915,831,796,609,831,915
https://zenodo.org/records/15747344,"""Euro-BioImaging ERIC""",1228,1128,608,572,186,155,158,174
https://zenodo.org/records/15827771,"""Schätz, Martin and Rubešová, Olga and Mareš, Jan and Spark, Alan""",578,526,773,721,183,177,237,243
https://zenodo.org/records/15070246,"""Chu, Wei-Chen""",649,478,333,296,612,442,249,277
https://zenodo.org/records/15858127,"""Haase, Robert""",14961,14117,2534,2392,3722,3462,1002,1105
https://zenodo.org/records/15837532,"""Euro-BioImaging ERIC""",1228,1128,608,572,1042,973,414,434
https://zenodo.org/records/8025067,"""Burdíková, Zuzana and Švindrych, Zdeněk and Schätz, Martin and Soukup, Jakub and Robison, Pat""",2451,2286,920,876,2446,2283,859,901
https://zenodo.org/records/10205578,"""Schätz, Martin and Azevedo, Maria and Sampaio, Paula""",898,794,287,263,898,794,263,287
https://zenodo.org/records/13284351,"""Chu, Wei-Chen""",96,89,418,396,96,89,396,418
https://zenodo.org/records/14045172,"""Frisch, Katrin""",8537,6964,5838,5226,4602,3809,2654,2963
https://zenodo.org/records/16030329,"""Jain, Smitesh""",1276,972,2001,1883,1276,972,1883,2001
https://zenodo.org/records/15933943,"""Michael""",69,63,92,91,69,63,91,92
https://zenodo.org/records/16561545,"""Ahmadi, Mohsen and Wagner, Robert and Bekeschus, Sander and Becker, Markus M.""",616,527,999,946,314,266,439,464
https://zenodo.org/records/16573999,"""Mathur, Aastha and Euro-BioImaging ERIC""",79,75,129,127,79,75,127,129
https://zenodo.org/records/16323251,"""Euro-BioImaging ERIC""",115,94,94,93,115,94,93,94
https://zenodo.org/records/16357461,"""Euro-BioImaging ERIC""",136,129,105,103,136,129,103,105
https://zenodo.org/records/16357209,"""Euro-BioImaging ERIC""",141,127,119,118,141,127,118,119
https://zenodo.org/records/15798751,"""David, Romain and Liaskos, Nektarios and Rybina, Arina and Arvanitidis, Christos and Bage, Anne-Sophie and Carvajal-Vallejos, Patricia K. and Das, Sudeep and De Pascalis, Francesca and Dörr, Dorothea and Exter, Katrina and Holub, Petr and Gurwitz, Kim Tamara and Liberante, Fabio and Lieutaud, Philippe and Lister, Allyson and Lopez, Joaquin and Madon, Bénédicte and Massimi, Marzia and Matteoni, Rafaele and Mîrza, Maria and Morgan, Sarah and Oezdemir, Bugra and Panagiotopoulou, Maria and Pavloudi, Christina and P. Melo, Ana M. and Sansone, Susanna-Assunta and Schwalbe, Harald and Serrano-Solano, Beatriz and Sorzano, Carlos Oscar and Urbinati, Emilio and Tang, Jing and Tedds, Jonathan and Saunders, Gary and Ewbank, Jonathan""",964,726,1321,1182,524,357,520,596
https://zenodo.org/records/16396219,"""Sorensen, Luke and Saito, Ayame and Poon, Sabrina and Noe Han, Myat and Hamnett, Ryan and Neckel, Peter and Humenick, Adam and Mutunduwe, Keith and Glennan, Christie and Mahdavian, Narges and JH Brookes, Simon and M McQuade, Rachel and PP Foong, Jaime and Gómez-de-Mariscal, Estibaliz and Muñoz Barrutia, Arrate and Kaltschmidt, Julia A. and King, Sebastian K. and Haase, Robert and Carbone, Simona and A. Veldhuis, Nicholas and P. Poole, Daniel and Rajasekhar, Pradeep""",384,374,1638,1478,65,60,239,250
https://zenodo.org/records/16628927,"""Sauteur, Loïc""",60,60,88,86,60,60,86,88
https://zenodo.org/records/16569043,"""VP""",101,75,172,166,101,75,166,172
https://zenodo.org/records/7628300,"""Vellutini, Bruno C.""",107,104,689,676,107,104,667,680
https://zenodo.org/records/14250773,"""Vellutini, Bruno C. and Handberg-Thorsager, Mette and Tomancak, Pavel""",274,263,327,305,274,263,305,327
https://zenodo.org/records/13338425,"""Vellutini, Bruno C. and Martín-Durán, José M. and Børve, Aina and Hejnol, Andreas""",117,113,557,531,58,56,374,385
https://zenodo.org/records/15876646,"""Vellutini, Bruno C. and Cuenca, Marina B. and Krishna, Abhijeet and Szałapak, Alicja and Modes, Carl D. and Tomančák, Pavel""",31,30,143,133,31,30,133,143
https://zenodo.org/records/15876638,"""Vellutini, Bruno C. and Cuenca, Marina B. and Krishna, Abhijeet and Szałapak, Alicja and Modes, Carl D. and Tomančák, Pavel""",50,43,182,170,50,43,170,182
https://zenodo.org/records/15869598,"""Krishna, Abhijeet and Szałapak, Alicja and Vellutini, Bruno C. and Cuenca, Marina B. and Tomančák, Pavel and Modes, Carl D.""",108,102,769,752,60,55,341,346
https://zenodo.org/records/16880913,"""Massei, Riccardo""",383,368,244,242,383,368,242,244
https://zenodo.org/records/16761197,"""Euro-BioImaging ERIC""",138,120,129,126,138,120,126,129
https://zenodo.org/records/16875377,"""Marin, Zach""",45,42,101,98,45,42,98,101
https://zenodo.org/records/16760282,"""Preußner, Johannes""",53,53,102,102,53,53,102,102
https://zenodo.org/records/16911980,"""Moore, Josh""",154,123,184,183,154,123,183,184
https://zenodo.org/records/16921650,"""Snyder, Erika, Erika Thomas, Erika T.""",123,119,237,226,123,119,226,237
https://zenodo.org/records/16949737,"""Barry, David J and Marcotti, Stefania and Salgueiro Torres, Sara and Jones, Martin and Skórkowska, Alicja""",533,511,1381,1281,53,49,166,190
https://zenodo.org/records/17014253,"""Wetzker, Cornelia""",224,179,247,235,224,179,235,247
https://zenodo.org/records/16962727,"""Wang""",32,30,86,80,32,30,80,86
https://zenodo.org/records/17048377,"""Euro-BioImaging ERIC""",120,81,181,173,120,81,173,181
https://zenodo.org/records/17039369,"""Gladitz, Nils""",42,42,84,77,42,42,77,84
https://zenodo.org/records/17103962,"""Scherle, Michael and Gieschke, Rafael and Mocanu, Isabela and Grüning, Björn and von Suchodoletz, Dirk""",237,216,258,255,149,132,152,153
https://zenodo.org/records/17098115,"""Schwarz, Michael""",150,148,241,226,81,79,102,107
https://zenodo.org/records/17087096,"""Moore, Josh""",422,244,535,506,422,244,506,535
https://zenodo.org/records/16993955,"""Müntjes, Kira and Schipper, Kerstin""",41,35,127,124,41,35,124,127
https://zenodo.org/records/16993649,"""Macas, Jadranka""",29,27,116,107,29,27,107,116
https://zenodo.org/records/16993297,"""Joisten-Rosenthal, Vivien""",55,55,80,80,55,55,80,80
https://zenodo.org/records/16993178,"""Faber-Zuschratter, Heidi and Stöter, Torsten and Zuschratter, Werner and Hartig, Roland and Wilke, Markus""",26,24,102,100,26,24,100,102
https://zenodo.org/records/16993059,"""Jiang, Haowen and Chalopin, Claire""",25,24,119,117,25,24,117,119
https://zenodo.org/records/16992904,"""Lörzing, Pilar and Iliasov, Denis and Schlierf, Michael and Mascher, Thorsten""",39,36,100,98,39,36,98,100
https://zenodo.org/records/16992716,"""Warstat, Kevin""",26,25,107,99,26,25,99,107
https://zenodo.org/records/16991961,"""Lück, Stefanie""",49,48,115,115,49,48,115,115
https://zenodo.org/records/16980661,"""Zurowietz, Martin and Nattkemper, Tim W.""",41,41,90,89,41,41,89,90
https://zenodo.org/records/16980386,"""Kutskiy, Oleg""",25,25,96,95,25,25,95,96
https://zenodo.org/records/16980217,"""Miebach, Lea and Bekeschus, Sander""",22,22,109,104,22,22,104,109
https://zenodo.org/records/16979744,"""Rademacher, Anne and Huseynov, Alik and Bortolomeazzi, Michele and Wille, Sina Jasmin and Schumacher, Sabrina and Sant, Pooja and Keitel, Denise and Okonechnikov, Konstantin and Ghasemi, David R. and Pajtler, Kristian W. and Mallm, Jan-Philipp and Rippe, Karsten""",54,51,136,132,54,51,132,136
https://zenodo.org/records/17093454,"""Massei, Riccardo and Serrano-Solano, Beatriz and Fouilloux, Anne and Gruening, Björg and Sun, Yi and Chiang, Diana and Bernt, Matthias and Kostrykin, Leonid""",225,212,266,263,172,161,204,206
https://zenodo.org/records/17092348,"""Wagner, Robert and Ahmadi, Mohsen and Waltemath, Dagmar and Yordanova, Kristina and Becker, Markus M.""",290,258,284,273,228,203,208,217
https://zenodo.org/records/17092303,"""Sun, Yi and Tischer, Christian and Kelleher, Harry Alexander and Heriche, Jean-Karim""",280,267,261,258,194,184,187,190
https://zenodo.org/records/17085991,"""Haase, Robert""",961,806,962,912,563,447,690,738
https://zenodo.org/records/16736220,"""Thönnißen, Julia and Oliveira, Sarah and Oberstrass, Alexander and Kropp, Jan-Oliver and Gui, Xiao and Schiffer, Christian and Dickscheid, Timo""",150,142,217,212,150,142,212,217
https://zenodo.org/records/17080219,"""Schätz, Martin and Pérez Koldenkova, Vadim""",295,205,197,191,295,205,191,197
https://zenodo.org/records/17127544,"""Erin Weisbart""",20,20,129,127,20,20,127,129
https://zenodo.org/records/15225616,"""Kandpal, Niraj and Zentis, Peter and Valencia-Schneider, Monica and Schauss, Astrid""",251,184,225,194,156,109,127,156
https://zenodo.org/records/1175282#.WyP61xy-l5E,"""Naylor Peter Jack and Walter Thomas and Laé Marick and Reyal Fabien""",7974,6435,19714,17656,6491,5144,12364,13996
https://zenodo.org/records/17174207,"""Haase, Robert""",492,428,649,640,117,100,113,116
https://zenodo.org/records/17176730,"""Alxneit, Ivo""",58,57,117,114,58,57,114,117
https://zenodo.org/records/17186869,"""Haase, Robert""",492,428,649,640,375,328,527,533
https://zenodo.org/records/17251110,"""Stervbo, Ulrik and Brilhaus, Dominik and Vandendorpe, Justine and Fürst, Julia and Weidtkamp-Peters, Stefanie""",245,210,272,264,245,210,264,272
https://zenodo.org/records/17152974,"""Instruct-ERIC and Euro-BioImaging ERIC and Institut Pasteur de Montevideo and Institut Pasteur and Universidade de São Paulo and Universidad de la República and Chan Zuckerberg Initiative (United States) and Universidade Federal do Rio de Janeiro and Brazilian Center for Research in Energy and Materials""",546,434,710,654,530,426,613,661
https://zenodo.org/records/17257407,"""Rappe, Anna""",83,81,105,105,83,81,105,105
https://zenodo.org/records/17102027,"""Haase, Robert""",321,236,246,233,321,236,233,246
https://zenodo.org/records/17053832,"""Haase, Robert""",328,243,412,405,328,243,405,412
https://zenodo.org/records/16812312,"""Haase, Robert""",961,806,962,912,306,272,167,169
https://zenodo.org/records/17296688,"""Zobel, Thomas""",115,97,159,152,115,97,152,159
https://zenodo.org/records/14767945,"""Barry, David""",106,97,219,201,106,97,201,219
https://zenodo.org/records/7198533,"""Barry, David""",72,67,142,140,72,67,140,142
https://zenodo.org/records/13832613,"""Barry, David and Fallesen, Todd""",25,25,90,83,25,25,83,90
https://zenodo.org/records/1214456,"""Kather, Jakob Nikolas and Halama, Niels and Marx, Alexander""",97601,36529,93719,81468,96710,36406,80961,93110
https://zenodo.org/records/17377255,"""Barry, David""",70,63,305,265,37,32,86,97
https://zenodo.org/records/17349995,"""Frisch, Katrin""",8537,6964,5838,5226,3935,3155,2572,2875
https://zenodo.org/records/17579804,"""Moore, Josh""",329,284,444,426,231,192,289,307
https://zenodo.org/records/17541532,"""Kabjesz, Lea and Gihlein, Lea and Lampert, Mara Harriet and Haase, Robert""",300,226,345,315,300,226,315,345
https://zenodo.org/records/17429285,"""Beyer, Frauke and Unger, Michaela and Gey, Ronny and Massei, Riccardo and Wetzker, Cornelia and Nicolay, Elena and Lampert, Mara Harriet""",336,296,278,263,336,296,263,278
https://zenodo.org/records/17424911,"""Kunis, Susanne""",186,159,253,250,186,159,250,253
https://zenodo.org/records/17404133,"""Zobel, Thomas and Fortmann-Grote, Carsten""",110,81,151,145,110,81,145,151
https://zenodo.org/records/17372593,"""Fortmann-Grote, Carsten""",125,109,149,148,125,109,148,149
https://zenodo.org/records/17191504,"""Fortmann-Grote, Carsten and Ullrich, Kristian""",155,126,353,344,155,126,344,353
https://zenodo.org/records/17406102,"""Pais de Azevedo, Tomás""",60,57,92,91,60,57,91,92
https://zenodo.org/records/17639350,"""Soltwedel, Johannes Richard""",91,88,128,127,91,88,127,128
https://zenodo.org/records/17604591,"""Moore, Josh""",111,102,169,167,111,102,167,169
https://zenodo.org/records/17590655,"""Gros, Aafke""",195,194,155,150,195,194,150,155
https://zenodo.org/records/17633744,"""Corbat, Agustin Andres""",65,61,90,89,65,61,89,90
https://zenodo.org/records/17632823,"""Corbat, Agustin Andres""",63,61,113,113,63,61,113,113
https://zenodo.org/records/17668709,"""Andò, Edward""",230,221,243,193,230,221,193,243
https://zenodo.org/records/17775761,"""Nguyen, Khanh Xuan and Bernt, Matthias and Schnicke, Thomas and Haase, Robert and Massei, Riccardo""",112,97,210,195,112,97,195,210
https://zenodo.org/records/17775957,"""Cruz C., Arsenio N. and Pham, Thanh Huy and Zimmer, Collin and Massei, Riccardo and Sun, Yi and Czodrowski, Paul""",168,152,240,226,168,152,226,240
https://zenodo.org/records/17669681,"""Haase, Robert""",186,167,272,257,186,167,257,272
https://zenodo.org/records/17671971,"""Sun, Yi and Tischer, Christian and Hériché, Jean-Karim""",38,37,130,127,38,37,127,130
https://zenodo.org/records/17659149,"""Wetzker, Cornelia and Massei, Riccardo and Schlierf, Michael""",149,129,186,157,149,129,157,186
https://zenodo.org/records/17672046,"""David, Romain and Liaskos, Nektarios and Rybina, Arina and Arvanitidis, Christos and Bage, Anne-Sophie and Carvajal-Vallejos, Patricia K. and Das, Sudeep and De Pascalis, Francesca and Dörr, Dorothea and Exter, Katrina and Holub, Petr and Gurwitz, Kim Tamara and Liberante, Fabio and Lieutaud, Philippe and Lister, Allyson and Lopez, Joaquin and Madon, Bénédicte and Massimi, Marzia and Matteoni, Rafaele and Mîrza, Maria and Morgan, Sarah and Oezdemir, Bugra and Panagiotopoulou, Maria and Pavloudi, Christina and P. Melo, Ana M. and Sansone, Susanna-Assunta and Schwalbe, Harald and Serrano-Solano, Beatriz and Sorzano, Carlos Oscar and Urbinati, Emilio and Tang, Jing and Tedds, Jonathan and Saunders, Gary and Ewbank, Jonathan""",964,726,1321,1182,296,242,446,490
https://zenodo.org/records/17725097,"""Geibelt, Ellen""",89,86,126,125,89,86,125,126
https://zenodo.org/records/17792816,"""Theart, Rensu and Levet, Florian and Hernandez-Herrera and Leterrier, Christophe and de la Ballina, Laura R""",42,41,213,189,30,30,140,146
https://zenodo.org/records/17897525,"""Wendt, Jens and Bortolomeazzi, Michele""",925,906,271,259,925,906,259,271
https://zenodo.org/records/17876813,"""Wetzker, Cornelia and Schlierf, Michael""",74,59,101,97,74,59,97,101
https://zenodo.org/records/17787401,"""Vedder, Lucia and Peschel, Paul and Bortolomeazzi, Michele and Schmidt, Christian and Schröder, Katrin""",477,429,321,296,477,429,296,321
https://zenodo.org/records/17856704,"""Boissonnet, Tom and Massei, Riccardo""",250,237,197,179,250,237,179,197
https://zenodo.org/records/17898202,"""Soltwedel, Johannes Richard""",150,133,133,126,150,133,126,133
https://zenodo.org/records/17914642,"""Dayer, Andrew J""",11,10,96,94,11,10,94,96
https://zenodo.org/records/17978132,"""Engelhardt, Claudia and Haase, Robert and Hundt, Carolin and Langermann, Florence and Voigt, Pia""",4078,3755,667,637,4056,3734,477,495
https://zenodo.org/records/17974214,"""Fuchs, Vanessa and Zobel, Thomas and Baldenius, Marie and Wendt, Jens""",624,586,170,158,624,586,158,170
https://zenodo.org/records/17798356,"""Kemmer, Isabel and Euro-BioImaging ERIC""",247,235,199,194,247,235,194,199
https://zenodo.org/records/17472821,"""Wetzker, Cornelia and Fuchs, Vanessa and Wendt, Jens and Ahmadi, Mohsen and Müller, Maximilian E. and Massei, Riccardo""",210,178,188,178,210,178,178,188
https://zenodo.org/records/14751700,"""Cimini, Beth""",140,121,208,201,140,121,201,208
https://zenodo.org/records/11457452,"""Cimini, Beth and Bankhead, Peter and D'Antuono, Rocco and Elnaz, Fazeli and Fernandez-Rodriguez, Julia and Fuster-Barceló, Caterina and Haase, Robert and Jambor, Helena and Jones, Martin L and Jug, Florian and Klemm, Anna and Kreshuk, Anna and Marcotti, Stefania and Martins, Gabriel G and McArdle, Sara and Muñoz Barrutia, Arrate and Murphy, Laura and Nelson, Michael and Nørrelykke, Simon and Paul-Gilloteaux, Perrine and Pengo, Thomas and Pylvänäinen, Joanna and Pytowski, Lior and Ravera, Arianna and Reinke, Annika and Rekik, Yousr and Strambio-De-Castillia, Caterina and Thédié, Daniel and Uhlmann, Virginie and Umney, Oliver and Wiggins, Laura and Eliceiri, Kevin""",186,158,258,254,186,158,254,258
https://zenodo.org/records/10734599,"""Cimini, Beth A""",239,235,510,490,54,53,203,209
https://zenodo.org/records/10653464,"""Cimini, Beth A""",116,104,139,136,116,104,136,139
https://zenodo.org/records/10498985,"""Cimini, Beth A""",147,124,208,194,147,124,194,208
https://zenodo.org/records/8032892,"""Ouyang, Wei and Eliceiri, Kevin W and Cimini, Beth A""",358,349,540,529,221,216,411,420
https://zenodo.org/records/18782352,"""NFDI4BIOIMAGE""",22,22,104,92,22,22,92,104
https://zenodo.org/records/18754248,"""Müller, Maximilian E.""",71,66,185,179,71,66,179,185
https://zenodo.org/records/18694155,"""Ebert, Barbara and Ewert, Frank and Förstner, Konrad U. and Glöckner, Frank Oliver and McHardy, Alice Carolyn and von Rummel, Philipp and von Suchodoletz, Dirk and Weidtkamp-Peters, Stefanie and Ebeling, Mary-Ann and Engel, Judith and Hoffmann, Carsten and Keller, Christin and Lange, Matthias and Magel, Maja and Moore, Josh and Mühlhaus, Timo and Scholz, Uwe and Specka, Xenia and thor Straten, Mattis""",318,270,682,622,318,270,622,682
https://zenodo.org/records/18659976,"""Wetzker, Cornelia""",57,52,93,89,57,52,89,93
https://zenodo.org/records/17607828,"""NFDI4BIOIMAGE""",118,101,75,69,118,101,69,75
https://zenodo.org/records/18230666,"""Wendt, Jens""",79,75,92,90,79,75,90,92
https://zenodo.org/records/18184329,"""Tischer, Christian""",89,86,220,217,89,86,217,220
https://zenodo.org/records/18378649,"""Kemmer, Isabel and Romdhane, Feriel and Euro-BioImaging ERIC""",2057,1738,2405,2280,181,162,196,204
https://zenodo.org/records/18337391,"""Fabig, Gunar""",63,58,245,240,63,58,240,245
https://zenodo.org/records/19001717,"""Wetzker, Cornelia and Müller, Maximilian E. and Fuchs, Vanessa Aphaia Fiona""",192,165,176,166,39,33,51,53
https://zenodo.org/records/18998676,"""NFDI4BIOIMAGE""",97,94,104,104,97,94,104,104
https://zenodo.org/records/18984621,"""Kunis, Susanne and Hanne, Janina and Wetzker, Cornelia and Schmidt, Christian and Weidtkamp-Peters, Stefanie and Moore, Josh""",15,14,77,71,15,14,71,77
https://zenodo.org/records/18953151,"""Fuchs, Vanessa Aphaia Fiona and Wendt, Jens and Müller, Maximilian E. and Wetzker, Cornelia and Ahmadi, Mohsen and Massei, Riccardo""",18,18,52,51,18,18,51,52
https://zenodo.org/records/18957947,"""Müller, Maximilian E.""",49,39,65,63,49,39,63,65
https://zenodo.org/records/19046270,"""Soltwedel, Johannes Richard""",320,283,344,327,55,51,47,48
https://zenodo.org/records/18852087,"""Hertzler, ian""",32,32,86,86,32,32,86,86
https://zenodo.org/records/19184109,"""Fortmann-Grote, Carsten and Goutte-Gattat, Damien and Lubiana Alves, Tiago and Moore, Josh and Olvera Cabrera, Daniel and Waagmeester, Andra""",357,315,1113,1063,67,60,47,49
https://zenodo.org/records/19107804,"""Wetzker, Cornelia and Müller, Maximilian E. and Fuchs, Vanessa Aphaia Fiona""",192,165,176,166,153,132,115,123
https://zenodo.org/records/19063027,"""Soltwedel, Johannes Richard and Boissonnet, Tom and Weidtkamp-Peters, Stefanie""",320,283,344,327,265,232,280,296
https://zenodo.org/records/18735653,"""Haase, Robert""",164,149,162,159,164,149,159,162
https://zenodo.org/records/19246441,"""Höck, Lina Lisa and Haase, Robert""",438,409,407,398,392,367,373,382
https://zenodo.org/records/19335305,"""Soltwedel, Johannes Richard""",275,237,284,268,275,237,268,284
https://zenodo.org/records/19469051,"""von Suchodoletz, Dirk and Gieschke, Rafael and Scherle, Michael""",62,59,97,95,62,59,95,97
https://zenodo.org/records/19450032,"""Fortmann-Grote, Carsten and Goutte-Gattat, Damien and Lubiana Alves, Tiago and Moore, Josh and Olvera Cabrera, Daniel and Waagmeester, Andra""",357,315,1113,1063,184,170,968,1011
https://zenodo.org/records/18712011,"""Dutta, Suchetana Bias and Valerio-Cabrera, Sarai""",324,280,72,66,324,280,66,72
https://zenodo.org/records/19627003,"""Bortolomeazzi, Michele and Schmidt, Christian""",55,52,77,76,55,52,76,77
https://zenodo.org/records/19631650,"""Corbat, Agustin Andres and Walther, Christa G. and de la Ballina, Laura R. and Condon, Nicholas David and Felder, Alessandro A. and Schätz, Martin and Schmerl, Bettina and Sugawara, Ko and Prats, Clara and Klemm, Anna and Levet, Florian and Miura, Kota and Sampaio, Paula and Tischer, Christian and D'Antuono, Rocco and Cimini, Beth A. and Haase, Robert""",68,55,75,74,68,55,74,75
https://zenodo.org/records/20024684,"""Wendt, Jens""",176,157,85,72,176,157,72,85
https://zenodo.org/records/20039402,"""Müller, Maximilian E.""",79,63,93,87,79,63,87,93
https://zenodo.org/records/19949157,"""Goble, Carole""",52,47,96,86,52,47,86,96
https://zenodo.org/records/20271104,"""Wendt, Jens""",85,65,51,46,85,65,46,51
https://zenodo.org/records/19366801,"""Fuchs, Vanessa Aphaia Fiona""",108,102,88,86,108,102,86,88
https://zenodo.org/records/19352622,"""Fuchs, Vanessa Aphaia Fiona""",148,137,141,139,148,137,139,141
https://zenodo.org/records/20610539,"""Wetzker, Cornelia and Ahmadi, Mohsen and Krooß, Ksenia and Wendt, Jens and Boissonnet, Tom""",107,99,75,72,107,99,72,75
https://zenodo.org/records/20509378,"""Moore, Josh and Schmidt, Christian and Haase, Robert and Mallm, Jan-Philipp and Fortmann-Grote, Carsten and Figge, Thilo and Tischer, Christian and Sun, Yi and Zobel, Thomas and Wendt, Jens and Grüning, Björn and Kunis, Susanne and Blank-Burian, Markus and Trivedi, Ami and Hanne, Janina and von Suchodoletz, Dirk and Scherle, Michael and Massei, Riccardo and Wetzker, Cornelia and Müller, Maximilian and Baldenius, Marie and Mohr, Inga and Fuchs, Vanessa and Gottschall, Tobias and Bortolomeazzi, Michele and Gerst, Ruman and Ahmadi, Mohsen and Chen, Jianxu and Becker, Markus and Ferrando-May, Elisa and Weidtkamp-Peters, Stefanie""",73,64,98,94,73,64,94,98
https://zenodo.org/records/20512957,"""Haase, Robert""",347,273,285,274,347,273,274,285
https://zenodo.org/records/20275730,"""Moore, Josh""",180,84,110,106,180,84,106,110
https://zenodo.org/records/20152438,"""Kemmer, Isabel and Euro-BioImaging ERIC""",51,41,63,55,51,41,55,63
https://zenodo.org/records/20386408,"""Theart, Rensu and Levet, Florian and Hernandez-Herrera and Leterrier, Christophe and de la Ballina, Laura R""",42,41,213,189,12,11,49,67
https://zenodo.org/records/20799310,"""Lubiana, Tiago""",108,91,52,51,108,91,51,52
https://zenodo.org/records/20708139,"""Soltwedel, Johannes Richard""",134,118,175,161,134,118,161,175
https://zenodo.org/records/20721658,"""Schaefer, Lisa-Marie""",44,37,72,70,44,37,70,72
https://zenodo.org/records/20614751,"""German BioImaging - Team Training""",165,42,109,90,165,42,90,109
https://zenodo.org/records/20799564,"""Hamacher, Anna B.""",10,10,54,46,10,10,46,54
https://zenodo.org/records/21294122,"""Busse, Christian and Förstner, Konrad U. and Pigeot, Iris and Stegle, Oliver and Weidtkamp-Peters, Stefanie""",99,88,459,413,45,42,263,302
https://zenodo.org/records/21235788,"""Ebert, Barbara and Ewert, Frank and Förstner, Konrad U. and Glöckner, Frank Oliver and Keller, Christin and McHardy, Alice Carolyn and von Suchodoletz, Dirk and Weidtkamp-Peters, Stefanie and Baldenius, Marie Tovelill and Boße, Sophie and Ebeling, Mary-Ann and Engel, Judith and Gerber, Anja and Gillis, Rosalind and Hoffmann, Carsten and Mühlhaus, Timo and Röder, Juliane and Schmale Rodrigues, Cristina and Schmidt, Christian and Scholz, Uwe and Specka, Xenia and Vandendorpe, Justine and Wetzker, Cornelia""",47,35,383,349,47,35,349,383
https://zenodo.org/records/21155175,"""Müller, Maximilian E. and Wendt, Jens""",155,141,152,133,91,86,61,68
https://zenodo.org/records/21032233,"""Euro-BioImaging ERIC""",15,15,50,45,15,15,45,50
https://zenodo.org/records/21031163,"""Euro-BioImaging ERIC""",13,13,46,43,13,13,43,46
https://zenodo.org/records/21027072,"""Euro-BioImaging ERIC""",10,10,41,40,10,10,40,41
https://zenodo.org/records/21025252,"""Euro-BioImaging ERIC""",7,7,37,34,7,7,34,37
https://zenodo.org/records/21131870,"""Euro-BioImaging Data Steward Expert Group and Euro-BioImaging ERIC""",17,15,100,90,17,15,90,100
https://zenodo.org/records/21162526,"""Paul, Maarten W.""",15,15,283,282,15,15,282,283
https://zenodo.org/records/18879906,"""Haase, Robert""",613,514,611,559,613,514,559,611
https://zenodo.org/records/21402213,"""Busse, Christian and Förstner, Konrad U. and Pigeot, Iris and Stegle, Oliver and Weidtkamp-Peters, Stefanie""",99,88,459,413,54,46,150,157
https://zenodo.org/records/21390101,"""Schmidt, Christian and Soltwedel, Johannes Richard and Hanne, Janina and Ferrando-May, Elisa and Weidtkamp-Peters, Stefanie""",27,24,58,58,27,24,58,58
https://zenodo.org/records/21389852,"""Schmidt, Christian and Sun, Yi""",21,21,41,40,21,21,40,41
https://zenodo.org/records/21374467,"""Fuchs, Vanessa Aphaia Fiona""",45,44,50,49,45,44,49,50
https://zenodo.org/records/21782259,"""Sivagurunathan, Suganya""",3,3,13,13,3,3,13,13
https://zenodo.org/records/21746499,"""Corbat, Agustin Andres""",1,1,8,7,1,1,7,8
https://zenodo.org/records/21744286,"""Corbat, Agustin Andres""",4,4,9,9,4,4,9,9
https://zenodo.org/records/21693542,"""Corbat, Agustin Andres""",1,1,14,10,1,1,10,14
https://zenodo.org/records/21827120,"""Schätz, Martin""",44,42,51,49,44,42,49,51
https://zenodo.org/records/21977243,"""Haase, Robert""",26,24,179,160,26,24,160,179
https://zenodo.org/records/22001264,"""Sigaut, Lorena and Lecumberry, Federico and Corbat, Agustin Andres""",0,0,1,1,0,0,1,1
